City_ID,City,Lat,Lng,Max Temp,Humidity,Cloudiness,Wind Speed,Country,Date
0,Ribeira Grande,38.5167,-28.7,57.6,77,20,10.36,PT,2022-01-28 00:37:04
1,Port Elizabeth,-33.918,25.5701,67.1,88,0,5.75,ZA,2022-01-28 00:32:33
2,Saint George,37.1041,-113.5841,54.07,15,0,7.0,US,2022-01-28 00:35:45
3,New Norfolk,-42.7826,147.0587,86.67,33,27,6.53,AU,2022-01-28 00:31:25
4,Hobart,-42.8794,147.3294,87.03,55,75,9.22,AU,2022-01-28 00:31:06
5,Malanje,-9.5402,16.341,62.67,98,100,3.62,AO,2022-01-28 00:38:25
6,Vaini,-21.2,-175.2,82.83,78,21,14.56,TO,2022-01-28 00:32:11
7,Brae,60.3964,-1.353,42.71,73,48,11.56,GB,2022-01-28 00:35:19
8,Zacualpan,21.25,-105.1667,85.62,83,100,1.88,MX,2022-01-28 00:38:26
9,Namatanai,-3.6667,152.4333,85.53,68,56,6.78,PG,2022-01-28 00:37:28
10,Faanui,-16.4833,-151.75,81.12,76,15,14.97,PF,2022-01-28 00:37:19
11,Bredasdorp,-34.5322,20.0403,65.28,88,0,6.91,ZA,2022-01-28 00:35:16
12,Tiksi,71.6872,128.8694,-14.24,97,44,10.27,RU,2022-01-28 00:31:31
13,Bud,39.447,-86.1758,32.25,82,100,5.93,US,2022-01-28 00:38:26
14,Sinnamary,5.3833,-52.95,75.85,85,44,8.55,GF,2022-01-28 00:38:26
15,Wahiawa,21.5028,-158.0236,77.86,59,100,5.75,US,2022-01-28 00:38:27
16,Bac Lieu,9.285,105.7244,78.67,75,73,6.35,VN,2022-01-28 00:38:27
17,Saint-Francois,46.4154,3.9054,29.68,100,100,0.0,FR,2022-01-28 00:38:28
18,Atuona,-9.8,-139.0333,78.22,75,9,17.38,PF,2022-01-28 00:35:20
19,Jamestown,42.097,-79.2353,25.09,62,100,5.99,US,2022-01-28 00:35:27
20,Kapaa,22.0752,-159.319,80.11,75,0,1.01,US,2022-01-28 00:31:25
21,Pevek,69.7008,170.3133,-26.66,99,27,2.98,RU,2022-01-28 00:35:25
22,Hermanus,-34.4187,19.2345,65.8,80,0,3.29,ZA,2022-01-28 00:35:26
23,Hithadhoo,-0.6,73.0833,81.0,70,100,14.54,MV,2022-01-28 00:36:12
24,Butaritari,3.0707,172.7902,82.31,77,2,15.68,KI,2022-01-28 00:31:17
25,Saskylakh,71.9167,114.0833,4.26,89,86,14.88,RU,2022-01-28 00:31:35
26,Punta Arenas,-53.15,-70.9167,51.91,82,0,9.22,CL,2022-01-28 00:35:16
27,Morristown,36.214,-83.2949,41.7,67,100,0.0,US,2022-01-28 00:35:32
28,Teya,60.3778,92.6267,-13.18,100,100,3.2,RU,2022-01-28 00:37:53
29,San Cristobal,7.7669,-72.225,71.78,90,70,2.19,VE,2022-01-28 00:37:32
30,Rapid Valley,44.0625,-103.1463,31.05,84,100,1.01,US,2022-01-28 00:38:28
31,Porto Walter,-8.2686,-72.7439,74.25,93,100,3.0,BR,2022-01-28 00:38:29
32,Kaitangata,-46.2817,169.8464,59.94,61,22,7.02,NZ,2022-01-28 00:35:40
33,Hasaki,35.7333,140.8333,41.4,57,100,4.79,JP,2022-01-28 00:35:30
34,Padang,-0.9492,100.3543,75.25,81,99,3.22,ID,2022-01-28 00:38:29
35,Voljevac,43.8786,17.6592,18.1,77,11,5.26,BA,2022-01-28 00:38:30
36,Sitka,57.0531,-135.33,42.69,75,100,16.11,US,2022-01-28 00:38:30
37,Ushuaia,-54.8,-68.3,51.46,71,75,10.36,AR,2022-01-28 00:31:27
38,Abnub,27.2696,31.1511,43.02,61,5,6.29,EG,2022-01-28 00:38:30
39,Mareeba,-17.0,145.4333,82.49,85,95,2.28,AU,2022-01-28 00:38:31
40,Ostrovnoy,68.0531,39.5131,17.26,90,100,9.57,RU,2022-01-28 00:37:37
41,Dikson,73.5069,80.5464,1.98,94,100,24.9,RU,2022-01-28 00:31:37
42,Cape Town,-33.9258,18.4232,65.26,73,20,10.36,ZA,2022-01-28 00:35:02
43,Saint-Pierre,-21.3393,55.4781,73.08,73,75,5.75,RE,2022-01-28 00:31:29
44,Zhicheng,30.2956,111.5047,33.35,99,100,7.7,CN,2022-01-28 00:38:34
45,Constitucion,-35.3333,-72.4167,59.67,93,36,5.12,CL,2022-01-28 00:30:56
46,Bluff,-46.6,168.3333,66.79,60,100,8.55,NZ,2022-01-28 00:31:28
47,Rikitea,-23.1203,-134.9692,78.71,75,74,15.88,PF,2022-01-28 00:35:40
48,Okato,-39.2,173.8833,68.68,43,98,5.99,NZ,2022-01-28 00:38:35
49,Longyearbyen,78.2186,15.6401,10.24,79,75,8.05,SJ,2022-01-28 00:35:26
50,Tuktoyaktuk,69.4541,-133.0374,-20.2,76,20,8.05,CA,2022-01-28 00:35:56
51,Lebu,-37.6167,-73.65,60.12,94,6,2.84,CL,2022-01-28 00:31:31
52,Oktyabrskoye,43.0645,44.7417,21.34,100,97,4.47,RU,2022-01-28 00:34:22
53,Nyurba,63.2842,118.3319,-9.65,94,31,5.99,RU,2022-01-28 00:38:35
54,Castro-Urdiales,43.3829,-3.2204,45.99,83,1,1.25,ES,2022-01-28 00:38:36
55,Iqaluit,63.7506,-68.5145,-9.31,69,100,0.0,CA,2022-01-28 00:36:18
56,Huntington,38.4193,-82.4452,38.3,56,100,4.61,US,2022-01-28 00:38:33
57,Tasiilaq,65.6145,-37.6368,21.36,95,100,7.99,GL,2022-01-28 00:37:39
58,Kajaani,64.2273,27.7285,26.65,93,100,1.14,FI,2022-01-28 00:38:37
59,Cayenne,4.9333,-52.3333,71.64,100,40,0.0,GF,2022-01-28 00:38:37
60,Avarua,-21.2078,-159.775,84.25,79,14,16.11,CK,2022-01-28 00:35:58
61,Nanortalik,60.1432,-45.2371,11.68,78,47,10.49,GL,2022-01-28 00:38:38
62,Saint-Philippe,-21.3585,55.7679,72.99,83,56,8.39,RE,2022-01-28 00:33:31
63,Bethel,41.3712,-73.414,29.64,74,0,3.44,US,2022-01-28 00:35:31
64,Airai,-8.9266,125.4092,71.69,61,24,3.87,TL,2022-01-28 00:36:24
65,General Roca,-39.0333,-67.5833,82.8,23,0,14.85,AR,2022-01-28 00:38:38
66,Hilo,19.7297,-155.09,82.13,64,0,14.97,US,2022-01-28 00:35:46
67,Tucurui,-3.7661,-49.6725,72.09,97,100,0.76,BR,2022-01-28 00:38:38
68,Castro,-24.7911,-50.0119,65.62,96,100,3.15,BR,2022-01-28 00:31:15
69,Hofn,64.2539,-15.2082,33.58,98,100,3.15,IS,2022-01-28 00:35:34
70,Mpongwe,-13.5091,28.155,62.91,98,100,3.42,ZM,2022-01-28 00:38:39
71,Ankang,32.68,109.0172,35.28,95,100,2.82,CN,2022-01-28 00:38:39
72,Juli,-16.2167,-69.45,45.63,75,97,2.82,PE,2022-01-28 00:38:40
73,Hambantota,6.1241,81.1185,66.54,100,0,1.14,LK,2022-01-28 00:37:48
74,Kalmunai,7.4167,81.8167,73.0,84,90,8.34,LK,2022-01-28 00:38:40
75,Karratha,-20.7377,116.8463,83.82,54,34,13.0,AU,2022-01-28 00:32:50
76,Guerrero Negro,27.9769,-114.0611,66.06,41,100,11.1,MX,2022-01-28 00:35:44
77,Smolenka,52.1352,113.4974,-29.13,68,65,0.0,RU,2022-01-28 00:38:41
78,Hami,42.8,93.45,21.85,45,3,2.66,CN,2022-01-28 00:37:06
79,Shenzhen,22.5455,114.0683,68.07,96,96,5.06,CN,2022-01-28 00:36:19
80,Namibe,-15.1961,12.1522,74.08,85,100,5.44,AO,2022-01-28 00:38:41
81,Mandalgovi,45.7625,106.2708,1.22,66,0,1.19,MN,2022-01-28 00:36:00
82,Yokadouma,3.5167,15.05,66.99,33,64,2.89,CM,2022-01-28 00:38:41
83,Viedma,-40.8135,-62.9967,69.4,50,0,19.95,AR,2022-01-28 00:36:42
84,Praia Da Vitoria,38.7333,-27.0667,57.45,94,40,16.69,PT,2022-01-28 00:38:16
85,Gushikawa,26.3544,127.8686,67.23,94,0,6.91,JP,2022-01-28 00:34:57
86,Bengkulu,-3.8004,102.2655,79.14,79,95,2.91,ID,2022-01-28 00:35:26
87,Kununurra,-15.7667,128.7333,82.38,83,40,5.75,AU,2022-01-28 00:36:14
88,Lasa,46.6166,10.7002,44.06,62,47,7.43,IT,2022-01-28 00:32:18
89,Almaznyy,48.0448,40.045,12.34,98,90,3.67,RU,2022-01-28 00:34:14
90,Ongole,15.5,80.05,67.1,86,12,8.5,IN,2022-01-28 00:38:42
91,Puerto Madryn,-42.7692,-65.0385,83.12,31,3,23.33,AR,2022-01-28 00:38:45
92,Blackwater,-23.5833,148.8833,87.55,41,98,14.05,AU,2022-01-28 00:38:46
93,Sao Filipe,14.8961,-24.4956,71.76,72,86,14.34,CV,2022-01-28 00:35:42
94,Mataura,-46.1927,168.8643,66.47,27,100,2.1,NZ,2022-01-28 00:35:14
95,Vila Franca Do Campo,37.7167,-25.4333,56.19,72,100,9.93,PT,2022-01-28 00:38:46
96,Masindi,1.6744,31.715,71.4,32,98,1.48,UG,2022-01-28 00:38:47
97,Katsuura,35.1333,140.3,47.1,97,100,9.48,JP,2022-01-28 00:32:13
98,Fuengirola,36.54,-4.6247,57.2,40,20,6.91,ES,2022-01-28 00:34:21
99,Trairi,-3.2778,-39.2689,74.73,91,100,5.86,BR,2022-01-28 00:38:47
100,Khatanga,71.9667,102.5,2.59,79,76,14.47,RU,2022-01-28 00:31:38
101,Kitakata,37.65,139.8667,37.31,92,98,5.57,JP,2022-01-28 00:38:48
102,Port-Gentil,-0.7193,8.7815,79.56,82,100,7.96,GA,2022-01-28 00:36:16
103,Talnakh,69.4865,88.3972,4.21,92,100,16.98,RU,2022-01-28 00:35:49
104,Nemuro,43.3236,145.575,9.03,68,11,8.93,JP,2022-01-28 00:38:48
105,Thompson,55.7435,-97.8558,-7.44,71,100,5.75,CA,2022-01-28 00:30:33
106,Vila Velha,-20.3297,-40.2925,78.94,84,0,13.0,BR,2022-01-28 00:38:07
107,Aklavik,68.2191,-135.0107,-11.2,70,75,4.61,CA,2022-01-28 00:38:48
108,Port Blair,11.6667,92.75,80.64,78,40,4.61,IN,2022-01-28 00:36:23
109,Victoria,22.2855,114.1577,68.18,93,100,10.0,HK,2022-01-28 00:33:32
110,Gornopravdinsk,60.05,69.9,8.74,96,100,7.14,RU,2022-01-28 00:34:27
111,Skibbereen,51.55,-9.2667,40.8,93,95,5.37,IE,2022-01-28 00:35:34
112,Srednekolymsk,67.45,153.6833,-30.06,97,100,4.92,RU,2022-01-28 00:36:59
113,Huarmey,-10.0681,-78.1522,71.38,84,100,8.08,PE,2022-01-28 00:38:49
114,Avera,33.194,-82.5271,43.72,45,26,5.91,US,2022-01-28 00:37:40
115,Yulara,-25.2406,130.9889,84.04,58,100,12.66,AU,2022-01-28 00:34:29
116,Port Alfred,-33.5906,26.891,70.97,88,95,14.58,ZA,2022-01-28 00:30:58
117,Kovdor,67.5662,30.4758,1.4,100,95,2.26,RU,2022-01-28 00:38:49
118,Cherskiy,68.75,161.3,-34.96,96,28,1.41,RU,2022-01-28 00:35:29
119,Klaksvik,62.2266,-6.589,41.92,75,100,19.75,FO,2022-01-28 00:32:46
120,Nome,64.5011,-165.4064,-3.84,70,0,0.0,US,2022-01-28 00:35:49
121,Sao Joao Da Barra,-21.6403,-41.0511,75.96,90,0,16.49,BR,2022-01-28 00:38:50
122,Tura,25.5198,90.2201,46.9,65,0,2.93,IN,2022-01-28 00:38:43
123,Kalaikunda,22.35,87.25,55.31,61,0,5.99,IN,2022-01-28 00:38:50
124,Zhoucheng,35.9122,116.3117,33.62,47,100,4.0,CN,2022-01-28 00:38:51
125,Puerto Ayora,-0.7393,-90.3518,73.8,84,53,6.89,EC,2022-01-28 00:35:46
126,Altay,47.8667,88.1167,-1.86,71,8,8.05,CN,2022-01-28 00:35:22
127,Luderitz,-26.6481,15.1594,66.87,75,0,22.84,NA,2022-01-28 00:36:26
128,Molde,62.7375,7.1591,37.85,69,100,6.91,NO,2022-01-28 00:38:51
129,Albany,42.6001,-73.9662,24.46,55,100,3.8,US,2022-01-28 00:31:13
130,Isangel,-19.55,169.2667,87.91,70,75,6.91,VU,2022-01-28 00:36:01
131,Yellowknife,62.456,-114.3525,-5.28,84,40,3.44,CA,2022-01-28 00:35:56
132,Port Lincoln,-34.7333,135.8667,71.6,67,85,10.25,AU,2022-01-28 00:37:13
133,Anloga,5.7947,0.8973,79.02,83,17,5.5,GH,2022-01-28 00:38:52
134,Belyy Yar,53.6039,91.3903,-5.91,92,100,0.0,RU,2022-01-28 00:35:44
135,Porto Torres,40.835,8.3972,48.09,83,76,9.37,IT,2022-01-28 00:38:52
136,San Nicolas,18.1725,120.5953,84.94,89,75,3.44,PH,2022-01-28 00:38:52
137,Neuquen,-38.9516,-68.0591,82.29,26,0,8.05,AR,2022-01-28 00:38:56
138,Kahului,20.8947,-156.47,84.22,59,20,13.8,US,2022-01-28 00:33:01
139,Sharjah,25.3573,55.4033,70.25,83,0,3.44,AE,2022-01-28 00:37:19
140,Busselton,-33.65,115.3333,68.04,45,0,11.48,AU,2022-01-28 00:35:17
141,Armizonskoye,55.9461,67.6736,0.0,100,100,6.64,RU,2022-01-28 00:38:57
142,Vitre,48.1178,-1.2058,43.68,98,100,3.98,FR,2022-01-28 00:36:49
143,Bambous Virieux,-20.3428,57.7575,73.65,83,40,5.75,MU,2022-01-28 00:36:06
144,Homer,59.6425,-151.5483,31.05,89,100,3.44,US,2022-01-28 00:32:29
145,East London,-33.0153,27.9116,72.55,90,59,16.53,ZA,2022-01-28 00:31:35
146,Qaanaaq,77.484,-69.3632,-10.03,71,31,7.56,GL,2022-01-28 00:36:01
147,Rocha,-34.4833,-54.3333,64.99,60,100,4.79,UY,2022-01-28 00:38:57
148,Portland,45.5234,-122.6762,50.41,61,0,1.01,US,2022-01-28 00:35:05
149,Pingdingshan,33.7385,113.3012,31.21,93,100,3.38,CN,2022-01-28 00:38:57
150,Catazaja,17.725,-92.0167,79.65,95,0,6.69,MX,2022-01-28 00:38:58
151,Kodiak,57.79,-152.4072,36.91,87,100,13.8,US,2022-01-28 00:31:53
152,Altamira,-3.2033,-52.2064,70.5,99,95,1.12,BR,2022-01-28 00:33:16
153,Hohhot,40.8106,111.6522,-1.91,65,0,6.71,CN,2022-01-28 00:38:58
154,Dong Hoi,17.4833,106.6,72.0,87,10,2.44,VN,2022-01-28 00:38:59
155,Gwanda,-20.9333,29.0,67.21,96,100,6.91,ZW,2022-01-28 00:38:59
156,Jackson,42.4165,-122.8345,60.67,27,0,0.0,US,2022-01-28 00:36:30
157,Truckee,39.328,-120.1833,44.31,32,0,3.44,US,2022-01-28 00:34:59
158,Esperance,-33.8667,121.9,69.64,60,18,10.42,AU,2022-01-28 00:36:34
159,Lezajsk,50.2626,22.4193,35.92,93,100,8.99,PL,2022-01-28 00:39:00
160,Korla,41.7597,86.1469,20.52,64,0,3.44,CN,2022-01-28 00:39:00
161,Vilyuysk,63.7553,121.6247,-20.29,98,17,3.74,RU,2022-01-28 00:39:00
162,Haines Junction,60.7522,-137.5108,22.95,80,100,1.14,CA,2022-01-28 00:34:05
163,Amboasary,-25.0333,46.3833,73.24,89,3,4.99,MG,2022-01-28 00:39:01
164,Barrow,71.2906,-156.7887,-16.58,76,0,8.05,US,2022-01-28 00:35:57
165,Jizan,17.3333,42.6667,76.14,75,17,6.55,SA,2022-01-28 00:39:01
166,Peleduy,59.6289,112.7406,-19.79,100,93,2.62,RU,2022-01-28 00:39:02
167,Arraial Do Cabo,-22.9661,-42.0278,82.26,65,0,19.57,BR,2022-01-28 00:35:13
168,Chuy,-33.6971,-53.4616,66.36,67,93,7.27,UY,2022-01-28 00:31:32
169,Cabo San Lucas,22.8909,-109.9124,73.71,49,20,8.05,MX,2022-01-28 00:35:55
170,Norman Wells,65.282,-126.8329,-0.36,78,100,3.44,CA,2022-01-28 00:35:43
171,Beloha,-25.1667,45.05,68.61,80,0,10.69,MG,2022-01-28 00:39:02
172,Porto,41.1496,-8.611,51.31,48,0,5.99,PT,2022-01-28 00:37:35
173,Bonavista,48.6499,-53.1147,19.11,65,89,13.51,CA,2022-01-28 00:39:03
174,Demba,-5.51,22.2667,68.13,90,98,1.12,CD,2022-01-28 00:39:03
175,Sabratah,32.7933,12.4885,49.35,60,0,6.31,LY,2022-01-28 00:39:03
176,Erenhot,43.6475,111.9767,2.21,84,7,3.96,CN,2022-01-28 00:34:12
177,Husavik,66.0449,-17.3389,33.71,80,100,14.23,IS,2022-01-28 00:39:04
178,Santa Luzia,-19.7697,-43.8514,79.14,61,40,4.61,BR,2022-01-28 00:39:04
179,College,64.8569,-147.8028,-7.42,74,100,3.44,US,2022-01-28 00:35:46
180,Pereira Barreto,-20.6383,-51.1092,79.02,66,100,4.38,BR,2022-01-28 00:38:57
181,Aktash,50.3,87.7333,-24.11,91,57,4.0,RU,2022-01-28 00:39:04
182,Salto De Agua,17.6167,-92.3667,79.56,97,5,3.11,MX,2022-01-28 00:39:08
183,Mahebourg,-20.4081,57.7,73.69,83,40,5.75,MU,2022-01-28 00:36:48
184,Saravan,39.7196,45.6483,20.05,95,100,3.2,AM,2022-01-28 00:39:08
185,Latung,5.5,120.8833,83.28,75,100,9.08,PH,2022-01-28 00:39:08
186,Bonthe,7.5264,-12.505,78.33,82,86,4.56,SL,2022-01-28 00:39:09
187,Tambacounda,13.7539,-13.7586,80.65,21,0,8.05,SN,2022-01-28 00:39:09
188,Ilulissat,69.2167,-51.1,6.82,72,20,10.36,GL,2022-01-28 00:37:29
189,Bowen,-20.0167,148.2333,82.62,75,100,17.4,AU,2022-01-28 00:39:09
190,Nikolskoye,59.7035,30.7861,27.39,96,100,8.46,RU,2022-01-28 00:32:13
191,Tandur,17.2333,77.5833,58.89,46,5,7.2,IN,2022-01-28 00:39:10
192,Harper,4.375,-7.7169,78.85,80,98,5.48,LR,2022-01-28 00:37:17
193,Salalah,17.0151,54.0924,71.69,68,20,2.3,OM,2022-01-28 00:33:41
194,Valle De Juarez,19.9333,-102.9333,59.59,50,55,4.61,MX,2022-01-28 00:39:10
195,Udachnyy,66.4167,112.4,-20.38,98,32,4.41,RU,2022-01-28 00:39:11
196,Angoche,-16.2325,39.9086,72.86,93,12,5.28,MZ,2022-01-28 00:35:15
197,Qax,41.4225,46.9242,34.79,86,100,1.95,AZ,2022-01-28 00:39:11
198,Karlshamn,56.1706,14.8619,41.11,76,100,18.32,SE,2022-01-28 00:39:12
199,Jeremie,18.65,-74.1167,76.71,79,24,4.27,HT,2022-01-28 00:39:12
200,Birigui,-21.2886,-50.34,80.4,60,100,3.87,BR,2022-01-28 00:39:12
201,Praia,14.9215,-23.5087,70.34,68,75,20.71,CV,2022-01-28 00:38:43
202,Benito Juarez,19.385,-99.165,71.42,37,20,1.01,MX,2022-01-28 00:39:10
203,Ilfracombe,51.2093,-4.1134,42.98,82,32,1.23,GB,2022-01-28 00:39:13
204,Moanda,-1.5575,13.2178,72.39,82,100,1.74,GA,2022-01-28 00:39:13
205,Belaya Gora,68.5333,146.4167,-40.77,100,53,3.13,RU,2022-01-28 00:39:13
206,Carnarvon,-24.8667,113.6333,78.87,73,40,4.61,AU,2022-01-28 00:37:07
207,Cockburn Town,21.4612,-71.1419,78.31,72,0,10.69,TC,2022-01-28 00:34:46
208,Mezen,65.8522,44.24,10.2,95,100,7.09,RU,2022-01-28 00:39:14
209,Bata,1.8639,9.7658,77.85,85,97,4.21,GQ,2022-01-28 00:39:14
210,Atambua,-9.1061,124.8925,79.74,75,73,3.65,ID,2022-01-28 00:39:15
211,Kruisfontein,-34.0033,24.7314,64.89,90,0,7.56,ZA,2022-01-28 00:36:49
212,Jalu,29.0331,21.5482,49.95,73,98,6.4,LY,2022-01-28 00:32:10
213,Goryachiy Klyuch,44.6308,39.13,26.44,97,100,2.33,RU,2022-01-28 00:39:15
214,Smirnykh,49.75,142.8333,4.17,77,100,3.15,RU,2022-01-28 00:39:16
215,Gonbad-E Qabus,37.25,55.1672,49.15,88,100,7.29,IR,2022-01-28 00:39:16
216,San Patricio,28.017,-97.5169,62.69,74,100,8.95,US,2022-01-28 00:36:13
217,Saveh,35.0213,50.3566,34.41,60,0,9.57,IR,2022-01-28 00:39:17
218,Matara,5.9485,80.5353,71.71,85,14,6.42,LK,2022-01-28 00:39:17
219,Vrangel,42.7297,133.0839,17.65,58,0,11.45,RU,2022-01-28 00:39:17
220,Palauig,15.435,119.9045,83.71,65,93,1.61,PH,2022-01-28 00:39:18
221,Umm Kaddadah,13.6017,26.6876,52.32,19,11,17.09,SD,2022-01-28 00:36:02
222,Coihaique,-45.5752,-72.0662,79.41,29,0,4.61,CL,2022-01-28 00:36:52
223,Upernavik,72.7868,-56.1549,1.89,92,100,21.81,GL,2022-01-28 00:31:50
224,Geraldton,-28.7667,114.6,84.61,37,0,13.8,AU,2022-01-28 00:31:37
225,Ramshir,30.8946,49.4092,49.75,50,3,9.42,IR,2022-01-28 00:39:18
226,Christchurch,-43.5333,172.6333,66.47,57,20,3.0,NZ,2022-01-28 00:37:06
227,Richards Bay,-28.783,32.0377,76.53,83,8,15.95,ZA,2022-01-28 00:37:13
228,Lorengau,-2.0226,147.2712,85.1,69,100,7.23,PG,2022-01-28 00:36:15
229,Seoul,37.5683,126.9778,26.2,56,0,6.91,KR,2022-01-28 00:37:49
230,Tuatapere,-46.1333,167.6833,66.81,40,100,5.95,NZ,2022-01-28 00:34:11
231,Srikakulam,18.3,83.9,63.66,76,7,7.76,IN,2022-01-28 00:39:22
232,Ngunguru,-35.6167,174.5,73.17,61,47,16.84,NZ,2022-01-28 00:39:22
233,Atchison,39.563,-95.1216,37.65,63,100,6.2,US,2022-01-28 00:39:23
234,Vestmannaeyjar,63.4427,-20.2734,43.02,87,100,26.04,IS,2022-01-28 00:30:39
235,Westport,41.1415,-73.3579,32.76,73,75,13.0,US,2022-01-28 00:34:28
236,Ayr,55.4627,-4.6339,46.38,81,100,8.05,GB,2022-01-28 00:39:23
237,Mount Isa,-20.7333,139.5,82.17,69,75,10.36,AU,2022-01-28 00:37:26
238,Merauke,-8.4667,140.3333,85.05,68,100,7.34,ID,2022-01-28 00:34:59
239,Cutro,39.0353,16.9819,49.26,71,24,3.24,IT,2022-01-28 00:39:24
240,Asau,46.4333,26.4,34.72,89,91,7.94,RO,2022-01-28 00:30:43
241,Auki,-8.7676,160.7034,78.48,90,100,5.06,SB,2022-01-28 00:39:24
242,Aksarka,66.5606,67.7975,-1.88,98,100,3.27,RU,2022-01-28 00:38:12
243,Beitbridge,-22.2167,30.0,70.68,93,56,10.89,ZW,2022-01-28 00:39:24
244,Ligayan,4.6533,119.4706,83.1,73,87,9.22,PH,2022-01-28 00:39:25
245,Huilong,31.8111,121.655,43.03,68,100,13.44,CN,2022-01-28 00:39:25
246,Libertador General San Martin,-23.8064,-64.7876,69.93,94,100,1.61,AR,2022-01-28 00:39:25
247,Madang,-5.2246,145.7966,85.46,64,100,1.74,PG,2022-01-28 00:39:25
248,Muros,42.7762,-9.0603,52.84,79,0,11.07,ES,2022-01-28 00:39:26
249,Omboue,-1.5746,9.2618,77.49,86,100,5.7,GA,2022-01-28 00:39:26
250,Codrington,-38.2667,141.9667,70.61,78,74,6.42,AU,2022-01-28 00:39:26
251,Shimoda,34.6667,138.95,48.56,57,100,5.75,JP,2022-01-28 00:39:26
252,Thinadhoo,0.5333,72.9333,80.67,66,100,12.35,MV,2022-01-28 00:39:27
253,Saint-Ambroise,48.5501,-71.3324,16.12,67,100,8.05,CA,2022-01-28 00:39:27
254,Panaba,21.2833,-88.2667,70.16,82,11,7.99,MX,2022-01-28 00:35:13
255,Tibiao,11.2915,122.0354,82.04,72,100,1.52,PH,2022-01-28 00:39:28
256,Fort Nelson,58.8053,-122.7002,22.59,93,100,2.3,CA,2022-01-28 00:37:32
257,Zemio,5.0314,25.1361,68.94,27,14,4.7,CF,2022-01-28 00:39:28
258,Mokhsogollokh,61.4681,128.9203,-27.35,100,50,0.47,RU,2022-01-28 00:39:28
259,Grindavik,63.8424,-22.4338,41.47,93,100,24.16,IS,2022-01-28 00:35:30
260,Mar Del Plata,-38.0023,-57.5575,63.09,72,0,5.01,AR,2022-01-28 00:31:12
261,Santa Maria Do Para,-1.3503,-47.5756,71.85,97,100,6.8,BR,2022-01-28 00:39:29
262,Batagay-Alyta,67.8006,130.4114,-22.27,93,42,3.58,RU,2022-01-28 00:37:17
263,Fairbanks,64.8378,-147.7164,-7.4,74,100,3.44,US,2022-01-28 00:33:46
264,Saldanha,-33.0117,17.9442,60.85,85,0,15.68,ZA,2022-01-28 00:32:20
265,Taitung,22.7583,121.1444,70.07,88,75,3.44,TW,2022-01-28 00:39:29
266,Taseyevo,57.2169,94.8978,-13.13,100,100,2.04,RU,2022-01-28 00:39:30
267,Tonj,7.2737,28.6822,72.3,23,100,5.75,SS,2022-01-28 00:39:30
268,Burgos,42.3394,-3.7079,34.21,69,2,6.91,ES,2022-01-28 00:39:30
269,Aswan,24.0934,32.907,44.31,49,5,10.33,EG,2022-01-28 00:39:31
270,Awjilah,29.1081,21.2869,51.48,69,99,4.83,LY,2022-01-28 00:39:31
271,Santa Maria,-29.6842,-53.8069,69.1,83,40,8.05,BR,2022-01-28 00:37:29
272,Axim,4.8699,-2.2405,78.15,85,25,4.54,GH,2022-01-28 00:36:41
273,Nantucket,41.2835,-70.0995,28.96,71,0,10.36,US,2022-01-28 00:39:34
274,Rong Kwang,18.339,100.3174,67.55,64,46,1.39,TH,2022-01-28 00:39:35
275,Leon,21.1167,-101.6667,75.25,31,100,7.85,MX,2022-01-28 00:37:28
276,Anahuac,27.2333,-100.15,56.7,79,100,6.71,MX,2022-01-28 00:39:35
277,Lagoa,39.05,-27.9833,59.13,74,3,15.75,PT,2022-01-28 00:32:19
278,Horsens,55.8607,9.8503,41.34,62,1,24.67,DK,2022-01-28 00:39:36
279,Deputatskiy,69.3,139.9,-22.59,98,31,4.0,RU,2022-01-28 00:37:07
280,Grand Gaube,-20.0064,57.6608,73.8,75,0,5.01,MU,2022-01-28 00:39:36
281,Ternate,0.8,127.4,83.08,74,13,3.06,ID,2022-01-28 00:39:36
282,Pontianak,-0.0333,109.3333,75.18,94,20,3.44,ID,2022-01-28 00:39:36
283,Zabol,32.25,67.25,32.31,45,100,6.64,AF,2022-01-28 00:39:37
284,Alofi,-19.0595,-169.9187,85.89,70,75,13.8,NU,2022-01-28 00:32:30
285,Juegang,32.3174,121.1855,42.91,65,100,13.35,CN,2022-01-28 00:39:37
286,Anadyr,64.75,177.4833,14.5,73,75,11.18,RU,2022-01-28 00:39:38
287,Leningradskiy,69.3833,178.4167,-17.75,95,25,2.3,RU,2022-01-28 00:32:15
288,Ponta Delgada,37.7333,-25.6667,56.5,82,20,8.05,PT,2022-01-28 00:39:38
289,Palaia Fokaia,37.72,23.9463,43.75,66,2,5.12,GR,2022-01-28 00:39:38
290,Flin Flon,54.7682,-101.865,3.04,66,100,6.91,CA,2022-01-28 00:39:39
291,Kimbe,-5.5502,150.1429,85.64,67,94,4.5,PG,2022-01-28 00:39:39
292,Galveston,29.3669,-94.9669,59.18,68,0,6.91,US,2022-01-28 00:38:41
293,Chapais,49.7834,-74.8492,4.78,96,100,10.18,CA,2022-01-28 00:32:40
294,Talaya,61.3833,152.75,-16.62,95,100,7.31,RU,2022-01-28 00:39:40
295,Touros,-5.1989,-35.4608,77.9,81,100,7.07,BR,2022-01-28 00:33:16
296,Kavieng,-2.5744,150.7967,84.99,66,41,6.2,PG,2022-01-28 00:33:55
297,Price,39.5994,-110.8107,36.66,30,0,8.05,US,2022-01-28 00:39:40
298,Igrim,63.1906,64.4162,3.11,97,86,5.75,RU,2022-01-28 00:39:40
299,Dabwali,29.95,74.7333,44.94,57,0,3.22,IN,2022-01-28 00:39:41
300,Bima,-8.4667,118.7167,80.85,84,100,2.46,ID,2022-01-28 00:35:16
301,Zhezkazgan,47.8043,67.7144,6.13,83,100,9.57,KZ,2022-01-28 00:39:41
302,Daura,11.5538,11.4085,60.21,35,0,12.73,NG,2022-01-28 00:39:41
303,Broome,42.2506,-75.833,26.85,56,100,3.0,US,2022-01-28 00:36:26
304,Mulchen,-37.7167,-72.2333,72.81,52,0,2.01,CL,2022-01-28 00:39:42
305,Havre-Saint-Pierre,50.2334,-63.5986,19.4,62,100,14.97,CA,2022-01-28 00:34:03
306,Bismarck,46.8083,-100.7837,11.26,72,100,4.61,US,2022-01-28 00:39:42
307,Bayangol,50.6977,103.4656,-15.92,98,32,2.91,RU,2022-01-28 00:39:43
308,Ponta Do Sol,32.6667,-17.1,59.0,76,70,4.18,PT,2022-01-28 00:37:27
309,Taua,-5.9667,-40.3,74.07,71,100,2.59,BR,2022-01-28 00:39:43
310,Inuvik,68.3499,-133.7218,-11.16,76,75,3.44,CA,2022-01-28 00:39:43
311,Coquimbo,-29.9533,-71.3436,62.82,82,13,7.0,CL,2022-01-28 00:37:21
312,Bedesa,8.9,40.7833,56.34,41,100,4.92,ET,2022-01-28 00:39:44
313,Cidreira,-30.1811,-50.2056,71.85,65,84,12.73,BR,2022-01-28 00:37:01
314,Chilca,-12.5211,-76.7372,71.76,89,100,6.15,PE,2022-01-28 00:39:44
315,Bastia,42.6667,9.3333,49.3,84,0,6.91,FR,2022-01-28 00:39:44
316,Ljungby,56.8332,13.9408,37.8,73,93,16.2,SE,2022-01-28 00:39:45
317,Georgetown,5.4112,100.3354,78.89,90,20,5.01,MY,2022-01-28 00:30:54
318,Hare Bay,48.8499,-54.0148,9.75,82,13,4.79,CA,2022-01-28 00:39:45
319,Zhangye,38.9342,100.4517,20.59,35,77,2.33,CN,2022-01-28 00:39:48
320,Olafsvik,64.8945,-23.7142,40.77,96,100,30.94,IS,2022-01-28 00:36:03
321,Chokurdakh,70.6333,147.9167,-24.66,91,57,9.57,RU,2022-01-28 00:35:39
322,Agadir,30.4202,-9.5982,59.45,47,74,24.32,MA,2022-01-28 00:35:06
323,Bathsheba,13.2167,-59.5167,74.01,83,20,6.91,BB,2022-01-28 00:32:26
324,Labuhan,-6.8844,112.2051,80.83,79,100,8.46,ID,2022-01-28 00:39:49
325,Provideniya,64.3833,-173.3,-3.64,65,0,6.71,RU,2022-01-28 00:33:41
326,Eskil,38.4017,33.4131,-0.13,100,100,5.46,TR,2022-01-28 00:39:49
327,Biggar,55.6167,-3.5167,42.91,94,100,6.51,GB,2022-01-28 00:39:50
328,Gorontalo,0.5412,123.0595,83.35,75,59,2.42,ID,2022-01-28 00:36:48
329,Treinta Y Tres,-33.2333,-54.3833,60.17,79,47,6.76,UY,2022-01-28 00:39:50
330,Ipilan,8.8431,117.9033,81.82,77,100,4.52,PH,2022-01-28 00:39:51
331,Cabinda,-5.55,12.2,77.22,92,100,4.03,AO,2022-01-28 00:39:51
332,Dunedin,-45.8742,170.5036,62.8,61,15,13.0,NZ,2022-01-28 00:39:51
333,Pangkalanbuun,-2.6833,111.6167,80.53,81,100,3.24,ID,2022-01-28 00:39:52
334,Ocampo,21.65,-101.5,60.71,31,100,9.95,MX,2022-01-28 00:39:52
335,La Tuque,47.4334,-72.7824,8.85,78,100,6.91,CA,2022-01-28 00:35:41
336,Pellerd,46.0344,18.154,38.25,70,0,8.05,HU,2022-01-28 00:39:53
337,Pinheiro,-2.5214,-45.0825,71.71,98,100,1.7,BR,2022-01-28 00:39:53
338,Mananjary,-21.2167,48.3333,73.76,77,74,4.05,MG,2022-01-28 00:39:53
339,Siniscola,40.5719,9.6922,36.95,82,100,5.23,IT,2022-01-28 00:39:54
340,Tomatlan,19.9333,-105.25,71.73,69,100,3.56,MX,2022-01-28 00:36:24
341,Xichang,27.8964,102.2634,42.35,94,100,3.44,CN,2022-01-28 00:39:54
342,Bereda,43.2686,-7.5406,46.92,99,11,2.98,ES,2022-01-28 00:39:54
343,Mattru,7.6244,-11.8332,74.21,91,78,1.95,SL,2022-01-28 00:39:54
344,Brody,50.0879,25.1503,32.72,98,100,16.35,UA,2022-01-28 00:39:55
345,Souillac,-20.5167,57.5167,73.78,83,40,5.75,MU,2022-01-28 00:37:27
346,Akdepe,42.0551,59.3788,33.89,63,100,3.87,TM,2022-01-28 00:39:55
347,Bilibino,68.0546,166.4372,-16.82,95,78,3.29,RU,2022-01-28 00:32:18
348,Ushtobe,45.2514,77.9838,14.11,88,20,10.07,KZ,2022-01-28 00:39:56
349,Jawhar,2.7809,45.5005,71.49,80,100,8.97,SO,2022-01-28 00:39:56
350,Marystown,47.1666,-55.1483,16.9,71,69,7.7,CA,2022-01-28 00:39:56
351,Beringovskiy,63.05,179.3167,4.42,94,100,3.0,RU,2022-01-28 00:36:01
352,Betong,5.7743,101.0723,74.75,77,91,2.24,TH,2022-01-28 00:39:57
353,Opuwo,-18.0607,13.84,72.59,64,100,6.42,NA,2022-01-28 00:39:57
354,Itarema,-2.9248,-39.9167,75.97,86,100,8.03,BR,2022-01-28 00:39:57
355,Sabang,5.8933,95.3214,80.82,78,66,6.46,ID,2022-01-28 00:39:58
356,Visaginas,55.6,26.4167,33.69,97,100,14.16,LT,2022-01-28 00:39:58
357,Sulphur Springs,33.1385,-95.6011,47.82,57,8,7.0,US,2022-01-28 00:38:08
358,Zhigansk,66.7697,123.3711,-32.4,100,20,3.18,RU,2022-01-28 00:37:59
359,Yumen,40.2833,97.2,17.44,43,4,6.33,CN,2022-01-28 00:39:59
360,Santa Marinella,42.0345,11.8536,50.02,84,100,0.87,IT,2022-01-28 00:39:59
361,Spring Hill,28.4769,-82.5255,64.69,76,100,1.01,US,2022-01-28 00:40:03
362,Dali,25.7,100.1833,40.46,86,23,3.65,CN,2022-01-28 00:40:03
363,Cabedelo,-6.9811,-34.8339,77.67,80,56,8.05,BR,2022-01-28 00:40:04
364,Tire,38.0888,27.7351,33.31,66,0,4.63,TR,2022-01-28 00:40:04
365,Grand-Santi,4.25,-54.3833,70.9,99,95,2.44,GF,2022-01-28 00:40:04
366,Baruun-Urt,46.6806,113.2792,-7.55,91,5,4.94,MN,2022-01-28 00:40:05
367,Say,13.1007,2.3689,72.16,20,4,10.89,NE,2022-01-28 00:40:05
368,Yarmouth,41.7057,-70.2286,29.98,68,100,3.0,US,2022-01-28 00:36:17
369,Yining,29.0361,114.5636,37.63,97,100,2.82,CN,2022-01-28 00:35:23
370,Osypenko,46.9136,36.8253,21.79,89,20,4.92,UA,2022-01-28 00:40:06
371,Severo-Kurilsk,50.6789,156.125,24.78,77,97,37.96,RU,2022-01-28 00:36:00
372,Cap Malheureux,-19.9842,57.6142,73.89,75,0,3.0,MU,2022-01-28 00:36:33
373,Naze,28.3667,129.4833,59.92,78,91,10.4,JP,2022-01-28 00:38:47
374,Los Llanos De Aridane,28.6585,-17.9182,56.12,75,0,5.01,ES,2022-01-28 00:33:27
375,Tautira,-17.7333,-149.15,84.22,76,22,17.9,PF,2022-01-28 00:40:07
376,Madimba,-10.4,40.3333,76.95,81,99,4.05,TZ,2022-01-28 00:40:07
377,Vilhena,-12.7406,-60.1458,69.01,96,100,2.06,BR,2022-01-28 00:35:32
378,Sisophon,13.5859,102.9737,79.88,65,37,3.89,KH,2022-01-28 00:40:07
379,Chardara,41.2547,67.9692,41.72,39,100,8.66,KZ,2022-01-28 00:40:08
380,Mkushi,-13.6202,29.3939,63.03,98,100,3.91,ZM,2022-01-28 00:40:08
381,Gladstone,-23.85,151.25,88.79,54,40,14.97,AU,2022-01-28 00:38:12
382,Vila,42.0304,-8.1588,41.94,77,0,4.68,PT,2022-01-28 00:40:08
383,Tricase,39.9304,18.3553,34.95,78,81,4.52,IT,2022-01-28 00:40:09
384,Teplyk,48.6657,29.745,29.43,91,100,8.63,UA,2022-01-28 00:40:09
385,Hamilton,39.1834,-84.5333,35.82,67,100,8.05,US,2022-01-28 00:40:09
386,Karlstad,59.3793,13.5036,36.16,80,20,12.66,SE,2022-01-28 00:40:10
387,Faya,18.3851,42.4509,51.91,86,36,2.42,SA,2022-01-28 00:34:14
388,Riberalta,-10.9833,-66.1,77.07,83,62,2.82,BO,2022-01-28 00:40:10
389,San Carlos Del Zulia,9.0,-71.9135,75.56,81,7,4.68,VE,2022-01-28 00:40:11
390,Mae Chan,20.1467,99.8526,66.96,69,6,1.72,TH,2022-01-28 00:40:11
391,Pailon,-17.65,-62.75,81.5,94,100,11.14,BO,2022-01-28 00:40:11
392,Nhulunbuy,-12.2333,136.7667,84.81,79,40,12.66,AU,2022-01-28 00:35:33
393,Victor Harbor,-35.5667,138.6167,80.8,72,100,3.0,AU,2022-01-28 00:40:12
394,Pringsewu,-5.3582,104.9744,76.87,89,100,0.89,ID,2022-01-28 00:40:12
395,Henties Bay,-22.116,14.2845,64.99,86,97,12.03,NA,2022-01-28 00:34:58
396,Shellbrook,53.2168,-106.4011,15.03,97,100,3.6,CA,2022-01-28 00:40:12
397,Takoradi,4.8845,-1.7554,78.64,84,17,4.99,GH,2022-01-28 00:34:26
398,Merano,46.6682,11.1595,50.7,58,5,7.38,IT,2022-01-28 00:40:13
399,Green River,41.5286,-109.4662,27.0,83,5,5.75,US,2022-01-28 00:39:13
400,Ulaanbaatar,47.9077,106.8832,-25.47,68,3,2.24,MN,2022-01-28 00:36:13
401,Clyde River,70.4692,-68.5914,-7.37,84,100,23.02,CA,2022-01-28 00:36:17
402,Vestmanna,62.1564,-7.1664,40.12,81,75,14.97,FO,2022-01-28 00:40:13
403,Salinopolis,-0.6136,-47.3561,74.77,94,100,11.7,BR,2022-01-28 00:37:16
404,Rocky Mount,35.9382,-77.7905,32.36,55,0,0.0,US,2022-01-28 00:38:55
405,North Bend,43.4065,-124.2243,54.25,90,0,4.61,US,2022-01-28 00:37:12
406,Nacogdoches,31.6002,-94.6335,51.66,51,0,0.0,US,2022-01-28 00:40:14
407,Sumbe,-11.2061,13.8437,77.22,85,100,4.16,AO,2022-01-28 00:40:14
408,Puerto Escondido,15.85,-97.0667,78.67,75,0,5.37,MX,2022-01-28 00:30:36
409,Banyo,6.75,11.8167,63.39,31,100,3.11,CM,2022-01-28 00:40:15
410,Karaton,-6.3424,106.1045,80.96,80,97,2.1,ID,2022-01-28 00:40:18
411,Shache,38.4167,77.2406,20.7,54,0,0.85,CN,2022-01-28 00:40:18
412,Mount Gambier,-37.8333,140.7667,69.71,73,100,8.05,AU,2022-01-28 00:35:33
413,Bubaque,11.2833,-15.8333,78.46,63,32,14.92,GW,2022-01-28 00:40:19
414,Conceicao Da Barra,-18.5933,-39.7322,76.66,88,0,7.85,BR,2022-01-28 00:40:11
415,Berlevag,70.8578,29.0864,27.05,88,100,5.5,NO,2022-01-28 00:40:19
416,Lata,40.1629,-8.3327,48.04,71,0,4.88,PT,2022-01-28 00:34:32
417,Stornoway,58.2093,-6.3865,40.93,89,20,1.99,GB,2022-01-28 00:40:19
418,Stromness,58.965,-3.296,41.25,80,100,15.26,GB,2022-01-28 00:40:20
419,Laguna,38.421,-121.4238,66.04,42,0,0.0,US,2022-01-28 00:35:53
420,Poum,-20.2333,164.0167,83.16,76,14,20.47,NC,2022-01-28 00:40:20
421,Taganak,6.0833,118.3,78.94,83,100,7.16,PH,2022-01-28 00:40:21
422,Camacha,33.0833,-16.3333,55.53,88,40,8.05,PT,2022-01-28 00:36:12
423,Giyon,8.5333,37.9833,55.29,49,40,8.81,ET,2022-01-28 00:40:21
424,Ahipara,-35.1667,173.1667,75.92,50,4,11.79,NZ,2022-01-28 00:37:33
425,Yershov,51.3513,48.2766,18.03,91,100,7.02,RU,2022-01-28 00:40:21
426,Barra,-11.0894,-43.1417,71.11,88,100,4.7,BR,2022-01-28 00:40:22
427,Waipawa,-41.4122,175.5153,64.92,48,30,7.78,NZ,2022-01-28 00:40:22
428,Erzin,36.9559,36.2,34.52,63,1,3.91,TR,2022-01-28 00:37:50
429,Gazanjyk,39.2446,55.5154,43.45,81,100,20.27,TM,2022-01-28 00:40:22
430,Ortona,42.3496,14.4039,41.27,63,100,1.77,IT,2022-01-28 00:40:23
431,Lodwar,3.1191,35.5973,79.9,43,52,2.39,KE,2022-01-28 00:40:23
432,Jibuti,11.5,42.5,69.22,64,100,6.76,DJ,2022-01-28 00:40:23
433,Naliya,23.2667,68.8333,58.42,36,0,8.32,IN,2022-01-28 00:40:23
434,Raga,8.4596,25.678,67.48,22,8,6.53,SS,2022-01-28 00:40:24
435,Paris,48.8534,2.3488,46.18,97,100,3.0,FR,2022-01-28 00:36:32
436,Troitsko-Pechorsk,62.7084,56.1964,2.97,97,100,5.37,RU,2022-01-28 00:40:24
437,Aksu,41.1231,80.2644,19.26,65,0,2.06,CN,2022-01-28 00:37:30
438,Bocana De Paiwas,12.7857,-85.1227,71.42,75,7,7.07,NI,2022-01-28 00:40:25
439,Idrinskoye,54.3708,92.1358,-1.41,100,90,0.83,RU,2022-01-28 00:40:25
440,Fortuna,40.5982,-124.1573,58.08,70,0,4.0,US,2022-01-28 00:32:20
441,Pangody,65.85,74.4859,8.94,94,100,13.44,RU,2022-01-28 00:35:42
442,Bell Ville,-32.6259,-62.6887,62.8,42,92,4.54,AR,2022-01-28 00:40:25
443,Dicabisagan,17.0818,122.4157,79.75,81,100,4.27,PH,2022-01-28 00:40:14
444,Sterling,39.0062,-77.4286,34.09,53,100,5.99,US,2022-01-28 00:40:18
445,Oranjemund,-28.55,16.4333,64.51,86,84,16.84,NA,2022-01-28 00:37:02
446,Agboville,5.928,-4.2132,73.31,98,16,1.7,CI,2022-01-28 00:40:26
447,Pafos,34.7667,32.4167,44.51,70,100,8.05,CY,2022-01-28 00:40:26
448,Soe,-9.8607,124.284,75.78,67,100,9.78,ID,2022-01-28 00:39:21
449,Mesaria,36.3985,25.4459,44.69,55,25,12.5,GR,2022-01-28 00:40:27
450,Petropavlovsk-Kamchatskiy,53.0452,158.6483,18.19,63,75,13.42,RU,2022-01-28 00:37:35
451,Candelaria,13.9311,121.4233,78.39,77,68,5.73,PH,2022-01-28 00:40:27
452,Terrace,54.5163,-128.6035,31.91,93,75,4.61,CA,2022-01-28 00:38:45
453,Meulaboh,4.1363,96.1285,77.38,87,72,3.49,ID,2022-01-28 00:36:31
454,Nokaneng,-19.6667,22.2667,68.56,90,100,5.44,BW,2022-01-28 00:36:05
455,Yaya,56.206,86.44,-11.96,100,53,4.56,RU,2022-01-28 00:40:28
456,Mao,39.8885,4.2658,45.16,100,0,8.05,ES,2022-01-28 00:40:28
457,Le Pradet,43.1066,6.0172,37.62,100,62,6.91,FR,2022-01-28 00:40:28
458,Ahmadnagar,19.0833,74.7333,55.8,51,1,4.52,IN,2022-01-28 00:39:17
459,Saint-Joseph,-21.3667,55.6167,71.98,83,58,8.86,RE,2022-01-28 00:37:11
460,Batagay,67.6333,134.6333,-29.16,97,51,4.72,RU,2022-01-28 00:40:32
461,Krasnoselkup,65.7,82.4667,1.2,90,100,17.69,RU,2022-01-28 00:40:32
462,Tiarei,-17.5333,-149.3333,84.22,76,14,18.57,PF,2022-01-28 00:35:17
463,Mazagao,-0.115,-51.2894,77.05,97,100,2.71,BR,2022-01-28 00:40:32
464,Te Anau,-45.4167,167.7167,72.1,36,99,2.08,NZ,2022-01-28 00:32:27
465,Hualmay,-11.0964,-77.6139,70.39,85,100,8.59,PE,2022-01-28 00:39:24
466,Esso,55.9333,158.7,25.03,96,100,3.56,RU,2022-01-28 00:40:33
467,Whitehorse,60.7161,-135.0538,29.17,80,100,20.71,CA,2022-01-28 00:34:40
468,Marsh Harbour,26.5412,-77.0636,74.08,78,16,7.63,BS,2022-01-28 00:40:33
469,Zavet,43.7667,26.6667,29.12,82,20,8.52,BG,2022-01-28 00:40:33
470,Port Pirie,-33.1833,138.0167,75.29,60,9,12.93,AU,2022-01-28 00:36:26
471,Flinders,-34.5833,150.8552,87.06,66,15,5.99,AU,2022-01-28 00:38:06
472,San Pedro,14.35,121.0167,83.43,72,75,5.75,PH,2022-01-28 00:40:34
473,Yuli,9.6989,10.2744,66.79,35,0,9.31,NG,2022-01-28 00:38:04
474,Pochutla,15.7432,-96.4661,82.22,74,0,3.6,MX,2022-01-28 00:38:05
475,San Isidro,-12.1167,-77.05,71.19,77,0,16.11,PE,2022-01-28 00:40:34
476,Bibiani,6.4635,-2.3194,69.94,90,8,1.07,GH,2022-01-28 00:40:35
477,Rio Gallegos,-51.6226,-69.2181,66.25,45,0,4.61,AR,2022-01-28 00:34:15
478,Sechura,-5.5569,-80.8222,73.04,76,22,11.65,PE,2022-01-28 00:40:35
479,Orguz,43.7739,16.8639,32.79,78,16,1.34,BA,2022-01-28 00:40:36
480,Tacuarembo,-31.7333,-55.9833,65.95,62,100,13.22,UY,2022-01-28 00:40:36
481,Mae Hong Son,19.3003,97.9685,57.34,94,20,0.0,TH,2022-01-28 00:40:36
482,Ugoofaaru,5.6667,73.0,78.93,55,100,8.97,MV,2022-01-28 00:36:32
483,Kungurtug,50.5994,97.5228,-18.6,97,100,1.54,RU,2022-01-28 00:39:24
484,Araouane,18.9048,-3.5265,65.1,17,55,11.56,ML,2022-01-28 00:40:37
485,Nara,34.6851,135.8049,43.88,59,22,5.5,JP,2022-01-28 00:40:37
486,Jardim,-21.4803,-56.1381,75.22,80,100,3.33,BR,2022-01-28 00:40:37
487,Suntar,62.1444,117.6319,-5.87,92,34,7.54,RU,2022-01-28 00:37:52
488,Logstor,56.9624,9.2583,42.58,63,6,26.82,DK,2022-01-28 00:40:38
489,Atar,20.5169,-13.0499,64.63,38,100,6.11,MR,2022-01-28 00:39:18
490,Puerto Madero,14.7208,-92.4215,79.52,65,1,5.64,MX,2022-01-28 00:40:38
491,Road Town,18.4167,-64.6167,77.09,78,40,11.5,VG,2022-01-28 00:40:38
492,Makarov,48.6333,142.8,6.89,90,100,2.3,RU,2022-01-28 00:40:39
493,Sola,-13.8833,167.55,84.87,74,75,3.44,VU,2022-01-28 00:32:16
494,Krotovka,53.2858,51.1686,4.44,98,100,3.47,RU,2022-01-28 00:40:39
495,Tan An,10.5333,106.4167,75.22,78,99,3.36,VN,2022-01-28 00:40:39
496,Mawlaik,23.6333,94.4167,55.15,90,67,1.59,MM,2022-01-28 00:33:48
497,Inyonga,-6.7167,32.0667,63.61,94,100,2.33,TZ,2022-01-28 00:40:40
498,Lazaro Cardenas,17.9583,-102.2,77.31,73,2,6.15,MX,2022-01-28 00:40:40
499,Strathmore,51.0501,-113.3852,45.81,51,98,8.05,CA,2022-01-28 00:40:40
500,Andijon,40.7821,72.3442,28.26,23,100,5.26,UZ,2022-01-28 00:40:41
501,Wladyslawowo,54.7909,18.4009,38.93,90,100,23.85,PL,2022-01-28 00:40:41
502,Genhe,50.7833,121.5167,-10.98,97,86,3.0,CN,2022-01-28 00:40:41
503,Puerto Baquerizo Moreno,-0.9,-89.6,76.19,83,75,11.5,EC,2022-01-28 00:40:42
504,Vostok,46.4856,135.8833,1.56,90,100,5.08,RU,2022-01-28 00:37:03
505,Boa Vista,2.8197,-60.6733,85.98,51,40,5.75,BR,2022-01-28 00:39:59
506,Vidim,56.4088,103.1106,-16.37,100,100,1.54,RU,2022-01-28 00:40:42
507,Lagunas,-5.2269,-75.6753,78.3,82,100,3.51,PE,2022-01-28 00:40:43
508,Roebourne,-20.7833,117.1333,85.37,46,62,12.46,AU,2022-01-28 00:40:46
509,Broken Hill,-31.95,141.4333,89.31,51,24,16.11,AU,2022-01-28 00:36:19
510,Hovd,48.0056,91.6419,-4.81,87,99,2.64,MN,2022-01-28 00:37:39
511,Comodoro Rivadavia,-45.8667,-67.5,73.26,46,20,10.36,AR,2022-01-28 00:37:06
512,Guanica,17.9716,-66.908,78.91,72,23,5.59,PR,2022-01-28 00:38:08
513,Benghazi,32.1167,20.0667,56.5,56,69,12.53,LY,2022-01-28 00:40:46
514,Pak Phanang,8.3511,100.202,79.07,75,100,4.0,TH,2022-01-28 00:40:47
515,Trelew,-43.249,-65.3051,81.81,31,3,12.53,AR,2022-01-28 00:40:47
516,Torbay,47.6666,-52.7314,20.57,87,100,11.5,CA,2022-01-28 00:36:25
517,Katobu,-4.9408,122.5276,84.02,70,100,6.6,ID,2022-01-28 00:36:27
518,Vao,-22.6667,167.4833,79.16,84,100,16.17,NC,2022-01-28 00:36:50
519,Hailar,49.2,119.7,-14.31,99,100,3.76,CN,2022-01-28 00:40:48
520,Port Hawkesbury,45.6169,-61.3485,15.39,90,0,1.99,CA,2022-01-28 00:34:41
521,Perth,-31.9333,115.8333,73.04,58,0,17.27,AU,2022-01-28 00:37:49
522,Marakkanam,12.2,79.95,74.84,82,99,6.49,IN,2022-01-28 00:40:48
523,Aras,42.5617,-2.356,35.73,87,0,12.66,ES,2022-01-28 00:40:49
524,Yanam,16.7333,82.2167,70.36,78,86,6.17,IN,2022-01-28 00:40:49
525,Puerto Ayacucho,5.6639,-67.6236,79.21,37,74,7.63,VE,2022-01-28 00:40:49
526,Tateyama,34.9833,139.8667,48.47,73,99,6.82,JP,2022-01-28 00:37:49
527,Paducah,37.0834,-88.6001,37.29,50,100,4.61,US,2022-01-28 00:40:50
528,Kuito,-12.3833,16.9333,59.22,97,100,3.42,AO,2022-01-28 00:40:50
529,Chachapoyas,-6.2317,-77.869,56.07,96,100,2.75,PE,2022-01-28 00:40:50
530,Kropotkin,45.4375,40.5756,21.42,97,100,5.39,RU,2022-01-28 00:40:51
531,Braganca,-1.0536,-46.7656,71.69,99,100,2.48,BR,2022-01-28 00:40:51
532,Baykit,61.67,96.37,-21.01,100,61,0.87,RU,2022-01-28 00:40:52
533,Lichinga,-13.3128,35.2406,66.29,100,75,5.75,MZ,2022-01-28 00:40:52
534,Mishkino,55.3389,63.9175,-7.31,100,73,3.31,RU,2022-01-28 00:40:52
535,Espanola,35.9911,-106.0806,38.14,74,100,2.33,US,2022-01-28 00:39:22
536,Shatrovo,56.5167,64.6333,-1.91,98,11,4.54,RU,2022-01-28 00:40:53
537,Puerto Del Rosario,28.5004,-13.8627,56.95,72,0,8.05,ES,2022-01-28 00:36:17
538,East Liverpool,40.6187,-80.5773,33.44,82,100,1.01,US,2022-01-28 00:40:53
539,Xai-Xai,-25.0519,33.6442,73.26,93,63,7.56,MZ,2022-01-28 00:40:54
540,Rosario Do Sul,-30.2583,-54.9142,69.73,54,3,10.85,BR,2022-01-28 00:39:25
541,Santa Cruz,-17.8,-63.1667,80.06,83,75,4.61,BO,2022-01-28 00:36:24
542,Charters Towers,-20.1,146.2667,76.24,83,100,13.06,AU,2022-01-28 00:40:54
543,Atbasar,51.8,68.3333,-1.44,97,100,4.94,KZ,2022-01-28 00:40:54
544,Conde,-7.2597,-34.9075,76.46,94,20,1.14,BR,2022-01-28 00:37:52
545,Akyab,20.15,92.9,63.09,79,93,9.93,MM,2022-01-28 00:40:55
546,Filadelfia,39.9523,-75.1638,29.01,54,0,3.44,US,2022-01-28 00:37:20
547,Sokolka,53.4072,23.5023,35.65,97,100,18.84,PL,2022-01-28 00:40:55
548,La Libertad,-2.2333,-80.9,74.32,86,97,6.17,EC,2022-01-28 00:40:56
549,Phuthaditjhaba,-28.5242,28.8158,60.26,70,8,2.24,ZA,2022-01-28 00:40:56
550,Tadine,-21.55,167.8833,80.76,83,100,18.68,NC,2022-01-28 00:40:56
551,Lagos,6.5833,3.75,79.12,94,8,1.99,NG,2022-01-28 00:40:57
552,Ban Chang,12.7254,101.0553,83.66,85,20,4.61,TH,2022-01-28 00:40:57
553,Nalbari,26.4456,91.4354,53.58,64,0,2.42,IN,2022-01-28 00:40:57
554,Laredo,27.5064,-99.5075,61.09,77,100,4.61,US,2022-01-28 00:40:32
555,Taksimo,56.3444,114.8794,-16.35,90,21,2.3,RU,2022-01-28 00:40:58
556,Qovlar,40.948,45.735,36.45,64,100,3.94,AZ,2022-01-28 00:41:01
557,Caninde De Sao Francisco,-9.66,-37.7894,76.71,78,100,8.75,BR,2022-01-28 00:41:02
558,Loandjili,-4.7561,11.8578,75.31,94,20,0.0,CG,2022-01-28 00:37:07
559,Bangolo,7.0069,-7.475,69.15,57,83,1.21,CI,2022-01-28 00:41:02
560,Diu,20.7141,70.9822,59.31,44,0,14.63,IN,2022-01-28 00:41:02
561,Lulea,65.5842,22.1547,23.07,93,100,3.44,SE,2022-01-28 00:41:03
562,Alushta,44.6667,34.4167,32.18,77,66,1.12,UA,2022-01-28 00:41:03
563,Deder,9.3167,41.45,50.0,42,75,6.35,ET,2022-01-28 00:41:04
564,Jutai,-5.1833,-68.9,74.68,97,100,1.57,BR,2022-01-28 00:41:04
565,Aloleng,16.1307,119.7824,81.7,67,92,5.26,PH,2022-01-28 00:41:04
566,Litovko,49.2361,135.1742,-8.84,96,100,1.41,RU,2022-01-28 00:41:05
567,Ixtapa,20.7,-105.2,74.43,73,75,12.66,MX,2022-01-28 00:35:43
568,Semaria,24.3073,79.9718,47.5,75,0,0.89,IN,2022-01-28 00:41:05
569,Guiyang,26.5833,106.7167,34.29,93,100,8.95,CN,2022-01-28 00:41:06
570,Prince Rupert,54.3161,-130.3201,49.69,46,0,14.97,CA,2022-01-28 00:36:42
571,Cedartown,34.0537,-85.255,45.23,70,100,3.56,US,2022-01-28 00:39:07
572,Grenfell,-33.9,148.1667,83.28,52,17,11.36,AU,2022-01-28 00:41:06
573,Wexford,52.3342,-6.4575,39.56,90,100,6.6,IE,2022-01-28 00:41:07
574,Kidal,18.4411,1.4078,60.33,24,15,12.84,ML,2022-01-28 00:36:10
